,name,ARI,AMI,CHS,DBS,CS,CM,PCM,FMS,HCVM,HS,MI,NMI,RI,SSc,VMS
0,kidney085_0057_scGNN_logcpm_PEalpha2.0_zdim256,0.5702539256006637,0.4661240051425292,3.687813192615646,8.30906905589237,0.41039120692717584,"[[  7   1   2   0]
 [245   9  32  12]
 [  0  72   1  11]
 [  1   1   4   9]]","[[62754  6710]
 [29452 66326]]",0.793016885240116,"(0.5591170140166944, 0.41039120692717584, 0.47334659209478597)",0.5591170140166944,0.42863516546650643,0.473346592094786,0.7811573328814708,0.002217803,0.47334659209478597
0,kidney085_0057_scGNN_logcpm_PEalpha2.5_zdim256,0.3151013537755023,0.3982589873514281,4.19363179073331,9.032319126315475,0.32391634035882877,"[[  2   6   2   0]
 [ 21 158 118   1]
 [ 37   0   0  47]
 [  8   5   0   2]]","[[62424  7040]
 [53140 42638]]",0.6181329458682926,"(0.5414983060194767, 0.32391634035882877, 0.4053551677923879)",0.5414983060194767,0.41512815775905004,0.4053551677923879,0.6358068771861876,0.0024617165,0.4053551677923879
0,kidney085_0057_scGNN_logcpm_PEalpha2.0_zdim256,0.5702539256006637,0.46612400514252905,3.687813192615646,8.30906905589237,0.4103912069271758,"[[  2   0   1   7]
 [ 32  12   9 245]
 [  1  11  72   0]
 [  4   9   1   1]]","[[62754  6710]
 [29452 66326]]",0.793016885240116,"(0.5591170140166944, 0.4103912069271758, 0.47334659209478597)",0.5591170140166944,0.4286351654665064,0.47334659209478597,0.7811573328814708,0.002217803,0.47334659209478597
0,kidney085_0057_scGNN_logcpm_PEalpha2.5_zdim256,0.3151013537755023,0.3982589873514281,4.19363179073331,9.032319126315475,0.3239163403588289,"[[  2   6   0   2]
 [ 21 158   1 118]
 [ 37   0  47   0]
 [  8   5   2   0]]","[[62424  7040]
 [53140 42638]]",0.6181329458682926,"(0.5414983060194768, 0.3239163403588289, 0.40535516779238806)",0.5414983060194768,0.4151281577590501,0.40535516779238795,0.6358068771861876,0.0024617165,0.40535516779238806
