,PEalpha2.0_zdim256,PEalpha2.5_zdim256
kidney085_XY04_21-0057,0.5702539256006637,0.3151013537755023
